{
  "source_file": "wandb_export_2026-03-26T12_34_58.633-04_00.csv",
  "algorithm": "td3_ant_u",
  "environment": "maze",
  "total_seeds": 10,
  "seeds": [
    9,
    8,
    7,
    6,
    5,
    4,
    3,
    2,
    1,
    0
  ],
  "data_points_per_seed": 199,
  "step_range": {
    "min": 1333248,
    "max": 51615744
  },
  "success_rate_stats": {
    "min": 0.0,
    "max": 0.19921875,
    "mean": 0.05712154522613065
  }
}