{
  "source_file": "wandb_export_2026-03-26T12_31_17.823-04_00.csv",
  "algorithm": "td3_ant",
  "environment": "ball",
  "total_seeds": 10,
  "seeds": [
    9,
    8,
    7,
    6,
    5,
    4,
    3,
    2,
    1,
    0
  ],
  "data_points_per_seed": 199,
  "step_range": {
    "min": 1333248,
    "max": 51615744
  },
  "success_rate_stats": {
    "min": 0.0,
    "max": 0.0078125,
    "mean": 0.0002551821608040201
  }
}